CN_Data_analytics.md,Top51BSAAs.png
CN_clinical.md,ct_biologics.csv
CN_clinical.md,ct_vaccine.csv
CN_computational.md,AKD_ViralMix.xlsx
CN_computational.md,globalvirus_top200.csv
CN_computational.md,globalvirus_topclusters.csv
CN_computational.md,AKD_ViralPhe.xlsx
CN_computational.md,AntivirusPhe_top200.csv
CN_computational.md,AntivirusPhe_topclusters.csv
CN_computational.md,AKD_RdRP.xlsx
CN_computational.md,RDRP_top200.csv
CN_computational.md,RDRP_topclusters.csv
CN_computational.md,AKD_helicase.xlsx
CN_computational.md,helicase_top200.csv
CN_computational.md,helicase_topclusters.csv
CN_computational.md,AKD_3CL.xlsx
CN_computational.md,3CL_top200.csv
CN_computational.md,3CL_topclusters.csv
CN_computational.md,rdrp_stock_top200_2.csv
CN_computational.md,rdrp_stock_clusters_2.csv
CN_computational.md,helicase_stock_top200_2.csv
CN_computational.md,helicase_stock_clusters_2.csv
CN_computational.md,3cl_stock_top200_2.csv
CN_computational.md,3cl_stock_clusters_2.csv
CN_computational.md,plpro_stock_top200_2.csv
CN_computational.md,plpro_stock_clusters_2.csv
CN_computational.md,TMPRSS2_stock_top200_2.csv
CN_computational.md,TMPRSS2_stock_clusters_2.csv
CN_computational.md,vina_dock_all_drugbank515.csv
CN_computational.md,docking.jpeg
CN_nCov_Targets.md,Corona_human_interaction.csv
CN_review_paper.md,file_camoflageandinterception.pdf
CN_review_paper.md,HostFactorsinCoronavirusReplication.pdf
Data_analytics.md,Top51BSAAs.png
clinical.md,ct_biologics.csv
clinical.md,ct_vaccine.csv
computational.md,AKD_ViralMix.xlsx
computational.md,globalvirus_top200.csv
computational.md,globalvirus_topclusters.csv
computational.md,AKD_ViralPhe.xlsx
computational.md,AntivirusPhe_top200.csv
computational.md,AntivirusPhe_topclusters.csv
computational.md,AKD_RdRP.xlsx
computational.md,RDRP_top200.csv
computational.md,RDRP_topclusters.csv
computational.md,AKD_helicase.xlsx
computational.md,helicase_top200.csv
computational.md,helicase_topclusters.csv
computational.md,AKD_3CL.xlsx
computational.md,3CL_top200.csv
computational.md,3CL_topclusters.csv
computational.md,rdrp_stock_top200_2.csv
computational.md,rdrp_stock_clusters_2.csv
computational.md,helicase_stock_top200_2.csv
computational.md,helicase_stock_clusters_2.csv
computational.md,3cl_stock_top200_2.csv
computational.md,3cl_stock_clusters_2.csv
computational.md,plpro_stock_top200_2.csv
computational.md,plpro_stock_clusters_2.csv
computational.md,TMPRSS2_stock_top200_2.csv
computational.md,TMPRSS2_stock_clusters_2.csv
computational.md,vina_dock_all_drugbank515.csv
computational.md,docking.jpeg
nCov_Targets.md,Corona_human_interaction.csv
review_paper.md,file_camoflageandinterception.pdf
review_paper.md,HostFactorsinCoronavirusReplication.pdf
useful_links.md,file_Who-translation.pdf
useful_links.md,Chinese_COVID19_diagnosis_and_treatment_plan_v7.pdf